Date,Open,High,Low,Close,Change,Change%,Devation%,trx_cnt,trx_record,avg_cnt,amount,FI,IT,Dealer,Big3,FI_Share%,loanM_chg,loanM_chg%,loanS_chg,loanS_chg%,loan_M_S%
2019/09/10,192.5,194.5,190,190,-3,-1.55,2.33,328,254,1.3,0.63,0,0,+2,+2,1.4
2019/09/11,191,206.5,190.5,203,+13,+6.84,8.42,"2,066","1,787",1.2,4.1,+38,+25,+9,+72,1.6
2019/09/12,203.5,205,183,188,-15,-7.39,10.8,"1,752","1,436",1.2,3.3,-76,+14,+2,-60,1.3
2019/09/16,181,182.5,169.5,169.5,-18.5,-9.84,6.91,"1,564","1,262",1.2,2.7,-42,-40,-19,-101,1.2
2019/09/17,165,177.5,161.5,172,+2.5,+1.47,9.44,"1,069",917,1.2,1.8,+30,-15,-16,-1,1.3
2019/09/18,169,173,166.5,169.5,-2.5,-1.45,3.78,488,459,1.1,0.83,+6,0,0,+6,1.3
2019/09/19,171,175,170,173.5,+4,+2.36,2.95,546,491,1.1,0.95,-2,0,0,-2,1.3
2019/09/20,173.5,190.5,169.5,190.5,+17,+9.8,12.1,"1,718","1,348",1.3,3.1,-3,+295,+5,+297,1.3
2019/09/23,196,209.5,192.5,209.5,+19,+9.97,8.92,"2,004","1,620",1.2,4,+6,+261,-5,+262,1.3
2019/09/24,209.5,222,205,212.5,+3,+1.43,8.11,"1,549","1,404",1.1,3.3,-1,+160,0,+159,1.3
2019/09/25,207.5,212.5,205,210,-2.5,-1.18,3.53,610,570,1.1,1.3,+14,+31,0,+45,1.3
2019/09/26,214,219,208,210,0,0,5.24,721,663,1.1,1.5,-21,0,0,-21,1.3
2019/09/27,209,210,190,202,-8,-3.81,9.52,"1,171","1,013",1.2,2.3,+119,+153,0,+272,1.7
2019/10/01,202,211,200,202.5,+0.5,+0.25,5.45,788,700,1.1,1.6,-32,-9,0,-41,1.6
2019/10/02,201.5,203.5,196,198,-4.5,-2.22,3.7,465,426,1.1,0.93,+17,0,0,+17,1.6
2019/10/03,193,205,193,203.5,+5.5,+2.78,6.06,585,534,1.1,1.2,+4,-25,0,-21,1.7
2019/10/04,208.5,216.5,200.5,202,-1.5,-0.74,7.86,"1,276","1,172",1.1,2.7,-108,0,0,-108,1.3
2019/10/07,203.5,207.5,200.5,200.5,-1.5,-0.74,3.47,723,622,1.2,1.5,+4,-2,0,+2,1.3
2019/10/08,201.5,204.5,194.5,195.5,-5,-2.49,4.99,650,552,1.2,1.3,+9,-32,0,-23,1.3
2019/10/09,197.5,200,195.5,198.5,+3,+1.53,2.3,457,421,1.1,0.9,-4,0,+15,+11,1.3
2019/10/14,202.5,202.5,197,197,-1.5,-0.76,2.77,334,303,1.1,0.67,-4,0,-9,-13,1.3
2019/10/15,197.5,212,197.5,200,+3,+1.52,7.36,"1,703","1,494",1.1,3.5,-73,-51,+24,-100,1.1
2019/10/16,200,204,193.5,195.5,-4.5,-2.25,5.25,659,602,1.1,1.3,-19,0,0,-19,1.1
2019/10/17,198.5,201.5,196,198.5,+3,+1.53,2.81,406,366,1.1,0.81,-3,0,-5,-8,1.4
2019/10/18,201.5,208.5,201,206,+7.5,+3.78,3.78,"1,598","1,372",1.2,3.3,-23,+59,+17,+53,1.3
2019/10/21,218,222,209,210,+4,+1.94,6.31,"2,598","2,346",1.1,5.6,-80,+5,-39,-114,1
2019/10/22,213.5,215.5,207.5,208,-2,-0.95,3.81,768,703,1.1,1.6,-1,0,+11,+10,1.1
2019/10/23,210,225.5,209.5,218,+10,+4.81,7.69,"2,844","2,340",1.2,6.2,+5,+486,+4,+495,1.2
2019/10/24,225,239.5,224,239.5,+21.5,+9.86,7.11,"4,646","3,788",1.2,10.8,+57,+87,+39,+183,1.4
2019/10/25,241,258,238.5,243.5,+4,+1.67,8.14,"5,160","4,607",1.1,12.9,-32,+15,-5,-22,1.5
2019/10/28,249,249,238.5,241,-2.5,-1.03,4.31,"2,031","1,796",1.1,5,+12,0,+15,+27,1.6
2019/10/29,246,259.5,237,245,+4,+1.66,9.34,"4,173","3,619",1.2,10.4,-83,+20,+4,-59,1.4
2019/10/30,249.5,254,244.5,247.5,+2.5,+1.02,3.88,"2,041","1,857",1.1,5.1,-8,0,-10,-18,1.4
2019/10/31,252,253,238.5,242,-5.5,-2.22,5.86,"1,633","1,511",1.1,4,-12,+40,+3,+31,1.4
2019/11/01,243.5,246,239,245,+3,+1.24,2.89,"1,045",920,1.1,2.5,+39,+115,-1,+153,1.6
2019/11/04,252,253.5,247,247,+2,+0.82,2.65,"1,944","1,685",1.2,4.9,-56,+215,+2,+161,1.4
2019/11/05,252,255,246,248.5,+1.5,+0.61,3.64,"1,388","1,256",1.1,3.5,-18,+143,+5,+130,1.4
2019/11/06,248.5,248.5,224,224,-24.5,-9.86,9.86,"3,148","2,824",1.1,7.3,-4,-355,0,-359,1.4
2019/11/07,218,218,205.5,206,-18,-8.04,5.58,"2,124","1,914",1.1,4.5,+67,-229,-4,-166,1.6
2019/11/08,211,222,208.5,218.5,+12.5,+6.07,6.55,"1,659","1,523",1.1,3.6,-12,+174,-6,+156,1.6
2019/11/11,220,223,208,215,-3.5,-1.6,6.86,916,814,1.1,2,-26,0,+4,-22,1.5
2019/11/12,220,221.5,215.5,216,+1,+0.47,2.79,674,621,1.1,1.5,-37,0,-3,-40,1.3
2019/11/13,218,226.5,218,223,+7,+3.24,3.94,"1,223","1,128",1.1,2.7,+8,+48,0,+56,1.4
2019/11/14,224.5,226.5,218.5,220.5,-2.5,-1.12,3.59,654,584,1.1,1.5,-28,+1,+5,-22,1.2
2019/11/15,222,225.5,220,220.5,0,0,2.49,601,559,1.1,1.3,-88,0,+12,-76,0.9
2019/11/18,223,223,212,212,-8.5,-3.85,4.99,674,611,1.1,1.4,-88,+15,-9,-82,0.6
2019/11/19,214,214,205,209,-3,-1.42,4.25,817,704,1.2,1.7,+2,-154,-13,-165,0.6
2019/11/20,208.5,208.5,193.5,196,-13,-6.22,7.18,"1,663","1,423",1.2,3.3,+24,-330,-28,-334,0.7
2019/11/21,191,198,187,198,+2,+1.02,5.61,"1,324","1,100",1.2,2.5,+142,-307,-28,-193,1.3
2019/11/22,199,204,199,199.5,+1.5,+0.76,2.53,765,676,1.1,1.5,-102,0,0,-102,0.9
2019/11/25,202,202,190.5,192.5,-7,-3.51,5.76,"1,005",893,1.1,1.9,-65,-259,0,-324,0.6
2019/11/26,195,197.5,193.5,196,+3.5,+1.82,2.08,626,547,1.1,1.2,+14,-30,0,-16,0.7
2019/11/27,197,200,196,199.5,+3.5,+1.79,2.04,593,518,1.1,1.2,-40,0,0,-40,0.5
2019/11/28,200,200.5,194,194,-5.5,-2.76,3.26,378,328,1.2,0.74,-7,0,0,-7,0.5
2019/11/29,194.5,196.5,190.5,191,-3,-1.55,3.09,366,328,1.1,0.7,-5,0,0,-5,0.5
2019/12/02,191,191,181.5,190,-1,-0.52,4.97,672,578,1.2,1.3,+93,-25,0,+68,0.8
2019/12/03,189,192.5,186,191,+1,+0.53,3.42,244,220,1.1,0.46,+4,0,0,+4,0.9
2019/12/04,190.5,190.5,185.5,186.5,-4.5,-2.36,2.62,233,235,0.99,0.44,-15,-24,0,-39,0.8
2019/12/05,190,191.5,188,188.5,+2,+1.07,1.88,456,382,1.2,0.86,-21,-186,0,-207,0.8
2019/12/06,191,199,189.5,199,+10.5,+5.57,5.04,"1,555","1,353",1.1,3,+1,-161,+48,-112,0.8
2019/12/09,202,208.5,202,202.5,+3.5,+1.76,3.27,"1,453","1,252",1.2,3,-139,0,+22,-117,0.4
2019/12/10,200,204,200,200.5,-2,-0.99,1.98,338,317,1.1,0.68,-4,0,+2,-2,0.5
2019/12/11,204,208,203,203,+2.5,+1.25,2.49,725,645,1.1,1.5,-9,0,+36,+27,0.4
2019/12/12,207,207,202,203.5,+0.5,+0.25,2.46,725,630,1.2,1.5,-4,-71,-15,-90,0.5
2019/12/13,207,207,193,193.5,-10,-4.91,6.88,845,729,1.2,1.7,+4,-60,+13,-43,0.5
2019/12/16,193.5,197.5,190,196,+2.5,+1.29,3.88,492,421,1.2,0.95,+94,-7,+7,+94,0.8
2019/12/17,198.5,199,193,194,-2,-1.02,3.06,431,366,1.2,0.84,+11,0,+3,+14,0.9
2019/12/18,195,197.5,193,193.5,-0.5,-0.26,2.32,383,339,1.1,0.75,-27,-41,-5,-73,0.7
2019/12/19,196,196.5,193.5,195,+1.5,+0.78,1.55,392,369,1.1,0.76,+23,-91,0,-68,0.8
2019/12/20,195.5,197.5,193,193,-2,-1.03,2.31,243,230,1.1,0.47,-11,0,-11,-22,0.7
2019/12/23,194.5,194.5,187,189.5,-3.5,-1.81,3.89,376,327,1.1,0.71,+55,0,+20,+75,0.8
2019/12/24,190.5,193,188.5,189.5,0,0,2.37,364,333,1.1,0.69,+10,-131,+22,-99,0.8
2019/12/25,190,196,188.5,196,+6.5,+3.43,3.96,405,374,1.1,0.78,+55,-48,-26,-19,1
2019/12/26,201,215.5,201,215.5,+19.5,+9.95,7.4,"3,240","2,742",1.2,6.8,+101,0,+82,+183,1.4
2019/12/27,225,232,218,218,+2.5,+1.16,6.5,"5,001","4,297",1.2,11.3,-177,0,+32,-145,0.5
2019/12/30,219.5,230,217,230,+12,+5.5,5.96,"2,468","2,130",1.2,5.6,+51,+122,+66,+239,0.9
2019/12/31,230,233,225,225.5,-4.5,-1.96,3.48,"1,741","1,512",1.2,4,-21,-26,-48,-95,0.8
2020/01/02,228,230,225.5,228,+2.5,+1.11,2,735,649,1.1,1.7,+17,+50,-18,+49,0.8
2020/01/03,233,233,212,215.5,-12.5,-5.48,9.21,"1,503","1,348",1.1,3.3,+56,0,-110,-54,0.8
2020/01/06,214.5,214.5,206.5,208,-7.5,-3.48,3.71,693,594,1.2,1.5,+153,0,-9,+144,1.3
2020/01/07,210,215,206,212,+4,+1.92,4.33,977,899,1.1,2.1,-62,0,+59,-3,1.2
2020/01/08,208,212,207,208.5,-3.5,-1.65,2.36,515,466,1.1,1.1,+8,0,-28,-20,1.2
2020/01/09,213,213.5,207.5,207.5,-1,-0.48,2.88,467,432,1.1,0.98,-33,0,-7,-40,1.1
2020/01/10,207,211,207,207,-0.5,-0.24,1.93,345,324,1.1,0.72,-29,0,+7,-22,1
2020/01/13,209,213,201,212,+5,+2.42,5.8,659,602,1.1,1.4,+44,-65,-3,-24,1.2
2020/01/14,214,214.5,210,210,-2,-0.94,2.12,567,489,1.2,1.2,-87,0,-5,-92,0.7
2020/01/15,210.5,212.5,208,208,-2,-0.95,2.14,314,284,1.1,0.66,-19,0,-18,-37,0.6
2020/01/16,208,219.5,208,214.5,+6.5,+3.12,5.53,771,723,1.1,1.7,-4,0,+33,+29,0.6
2020/01/17,217.5,218.5,211,211,-3.5,-1.63,3.5,464,409,1.1,1,-29,0,-23,-52,0.8
2020/01/20,212,212.5,208.5,211.5,+0.5,+0.24,1.9,249,227,1.1,0.52,+9,0,+4,+13,0.8
2020/01/30,190.5,195,190.5,190.5,-21,-9.93,2.13,482,454,1.1,0.92,-12,0,-2,-14,0.8
2020/01/31,186,193,172,181.5,-9,-4.72,11,"1,078",944,1.1,1.9,+47,-266,-37,-256,1
2020/02/03,171,173.5,164,171,-10.5,-5.79,5.23,679,614,1.1,1.1,+86,-13,-7,+66,1.4
2020/02/04,174,187.5,174,187.5,+16.5,+9.65,7.89,756,666,1.1,1.4,-6,0,+22,+16,0.9
2020/02/05,192,192,183,183.5,-4,-2.13,4.8,663,617,1.1,1.2,-87,0,+23,-64,0.8
2020/02/06,194,195,190.5,192,+8.5,+4.63,2.45,828,716,1.2,1.6,-2,0,-28,-30,0.8
2020/02/07,201,202,193,193,+1,+0.52,4.69,"1,582","1,348",1.2,3.1,-14,0,-8,-22,0.8
2020/02/10,191,194.5,184.5,191,-2,-1.04,5.18,487,428,1.1,0.93,+37,0,+3,+40,0.9
2020/02/11,195,197,194,195,+4,+2.09,1.57,374,338,1.1,0.73,-13,0,+13,0,0.7
2020/02/12,198,203,196.5,198,+3,+1.54,3.33,837,756,1.1,1.7,+17,0,+56,+73,0.8
2020/02/13,198,204.5,198,199.5,+1.5,+0.76,3.28,671,605,1.1,1.3,+2,0,-43,-41,0.8
2020/02/14,198.5,201,197,198.5,-1,-0.5,2.01,424,390,1.1,0.84,-43,0,-3,-46,0.6
2020/02/17,196,196,193.5,193.5,-5,-2.52,1.26,324,308,1.1,0.63,-1,0,-10,-11,0.6
2020/02/18,193.5,196,191.5,192,-1.5,-0.78,2.33,271,258,1.1,0.52,+8,0,-1,+7,0.6
2020/02/19,192.5,194,186,191,-1,-0.52,4.17,452,394,1.1,0.86,+87,0,0,+87,0.9
2020/02/20,194.5,197,193.5,196.5,+5.5,+2.88,1.83,479,443,1.1,0.94,+176,0,+9,+185,1.6
2020/02/21,197,210,197,205.5,+9,+4.58,6.62,"2,675","2,460",1.1,5.5,+48,+39,+469,+556,1.7
2020/02/24,206.5,209.5,204,209.5,+4,+1.95,2.68,"1,239","1,121",1.1,2.6,-51,0,-35,-86,1.5
2020/02/25,203,208.5,200,203.5,-6,-2.86,4.06,849,780,1.1,1.7,+11,0,-104,-93,1.4
2020/02/26,203.5,203.5,195.5,196.5,-7,-3.44,3.93,694,644,1.1,1.4,-23,0,-158,-181,1.4
2020/02/27,200,202.5,188,190,-6.5,-3.31,7.38,794,699,1.1,1.5,-72,0,-61,-133,1.2
2020/03/02,181.5,191.5,180.5,189.5,-0.5,-0.26,5.79,438,402,1.1,0.82,+30,0,-6,+24,1.3
2020/03/03,195,196.5,191,192.5,+3,+1.58,2.9,353,317,1.1,0.68,-36,0,-11,-47,1.2
2020/03/04,191.5,192.5,186.5,189,-3.5,-1.82,3.12,272,247,1.1,0.51,-27,0,0,-27,1.1
2020/03/05,191.5,196.5,191.5,194.5,+5.5,+2.91,2.65,445,410,1.1,0.87,+13,+23,+53,+89,1.2
2020/03/06,193.5,193.5,189,189.5,-5,-2.57,2.31,366,347,1.1,0.7,-47,0,-42,-89,1
2020/03/09,186,188,182.5,183.5,-6,-3.17,2.9,423,387,1.1,0.78,-37,0,-26,-63,0.9
2020/03/10,182,191,178,190.5,+7,+3.81,7.08,594,536,1.1,1.1,+9,0,+67,+76,0.9
2020/03/11,195,195,182,183.5,-7,-3.67,6.82,614,565,1.1,1.2,-20,0,-72,-92,0.8
2020/03/12,186,187,171,176.5,-7,-3.81,8.72,770,699,1.1,1.4,-13,0,-28,-41,0.8
2020/03/13,159,167,159,165.5,-11,-6.23,4.53,803,707,1.1,1.3,+7,0,-30,-23,0.8
2020/03/16,160.5,167.5,150,150,-15.5,-9.37,10.6,536,503,1.1,0.85,-20,0,-47,-67,0.7
2020/03/17,137.5,147.5,137,137,-13,-8.67,7,769,692,1.1,1.1,+16,-62,-15,-61,0.8
2020/03/18,141,142,128,128,-9,-6.57,10.2,477,420,1.1,0.65,+34,0,-12,+22,0.9
2020/03/19,125,125,115.5,115.5,-12.5,-9.77,7.42,654,545,1.2,0.77,+58,0,-21,+37,1.1
2020/03/20,122,127,120,127,+11.5,+9.96,6.06,518,449,1.2,0.65,+42,0,+1,+43,1.3
2020/03/23,118.5,124,116,120.5,-6.5,-5.12,6.3,319,274,1.2,0.38,+40,0,-6,+34,1.4
2020/03/24,126.5,132.5,126.5,132.5,+12,+9.96,4.98,670,540,1.2,0.88,-8,0,+13,+5,1.5
2020/03/25,141,145,139,142,+9.5,+7.17,4.53,694,623,1.1,0.99,-79,0,+8,-71,1.3
2020/03/26,141,146,135,144.5,+2.5,+1.76,7.75,640,576,1.1,0.91,+44,0,+9,+53,1.4
2020/03/27,151.5,154.5,140.5,142,-2.5,-1.73,9.69,689,626,1.1,1,-83,0,-6,-89,1.1
2020/03/30,137,145,135.5,143.5,+1.5,+1.06,6.69,334,308,1.1,0.47,+48,0,+1,+49,1.3
2020/03/31,147.5,148,140.5,141.5,-2,-1.39,5.23,279,265,1.1,0.4,-69,0,+1,-68,1.1
2020/04/01,141.5,145.5,139.5,145.5,+4,+2.83,4.24,306,273,1.1,0.44,+52,0,0,+52,1.3
2020/04/06,149,160,146,160,+14.5,+9.97,9.62,984,832,1.2,1.5,-19,0,+31,+12,1.3
2020/04/07,176,176,170.5,176,+16,+10,3.44,"1,305",942,1.4,2.3,+42,+82,+1,+125,1.4
2020/04/08,177,181.5,174,176.5,+0.5,+0.28,4.26,"1,522","1,234",1.2,2.7,-153,+166,+10,+23,0.9
2020/04/09,178.5,186,177.5,178,+1.5,+0.85,4.82,"1,297","1,075",1.2,2.4,-6,+166,+30,+190,0.9
2020/04/10,181,187.5,180,186.5,+8.5,+4.78,4.21,"1,456","1,174",1.2,2.7,-30,0,0,-30,0.8
2020/04/13,187,187.5,180,184.5,-2,-1.07,4.02,924,769,1.2,1.7,-9,+189,-34,+146,0.7
2020/04/14,187.5,198,184.5,189.5,+5,+2.71,7.32,"1,634","1,237",1.3,3.1,-55,+320,+23,+288,0.6
2020/04/15,191.5,198.5,191.5,192.5,+3,+1.58,3.69,"1,047",857,1.2,2,+9,+165,-6,+168,0.6
2020/04/16,191,195.5,190,190.5,-2,-1.04,2.86,799,668,1.2,1.5,+33,+70,-11,+92,0.7
2020/04/17,196.5,198,185,186.5,-4,-2.1,6.82,"1,104",922,1.2,2.1,+25,+65,-1,+89,0.8
2020/04/20,188,196.5,186.5,194,+7.5,+4.02,5.36,863,757,1.1,1.7,+47,+138,+44,+229,1
2020/04/21,193.5,197,188,189.5,-4.5,-2.32,4.64,768,680,1.1,1.5,-47,+15,-47,-79,0.8
2020/04/22,186,191,182,190.5,+1,+0.53,4.75,600,516,1.2,1.1,+103,+27,+6,+136,1.2
2020/04/23,193,196,190.5,194.5,+4,+2.1,2.89,625,549,1.1,1.2,-68,0,+25,-43,0.9
2020/04/24,194,194.5,191,191,-3.5,-1.8,1.8,279,260,1.1,0.54,+24,0,-6,+18,1
2020/04/27,193.5,198,192,197,+6,+3.14,3.14,960,809,1.2,1.9,+25,+65,+112,+202,1.1
2020/04/28,200.5,212,199,204,+7,+3.55,6.6,"2,827","2,399",1.2,5.8,-90,+119,+52,+81,0.7
2020/04/29,206,207.5,200.5,201,-3,-1.47,3.43,939,811,1.2,1.9,+11,+60,-64,+7,0.8
2020/04/30,205,213,203,210.5,+9.5,+4.73,4.98,"1,680","1,437",1.2,3.5,-14,+148,+57,+191,0.8
2020/05/04,205,224.5,203,218,+7.5,+3.56,10.2,"2,246","1,959",1.1,4.8,+1,+119,+11,+131,0.8
2020/05/05,220.5,231.5,219,222,+4,+1.83,5.73,"2,570","2,208",1.2,5.8,-2,+374,-1,+371,0.8
2020/05/06,230,235,218,220.5,-1.5,-0.68,7.66,"1,892","1,668",1.1,4.3,-9,+21,-73,-61,0.7
2020/05/07,223.5,229.5,219,229,+8.5,+3.85,4.76,"1,022",902,1.1,2.3,+53,0,+33,+86,0.8
2020/05/08,228.5,231,223.5,223.5,-5.5,-2.4,3.28,820,757,1.1,1.9,-42,+28,-13,-27,0.6
2020/05/11,225,229,222,227.5,+4,+1.79,3.13,690,612,1.1,1.6,+43,0,+1,+44,0.8
2020/05/12,232.5,236.5,225,225,-2.5,-1.1,5.05,"1,608","1,452",1.1,3.7,-15,+37,-24,-2,0.7
2020/05/13,224,228.5,219.5,226,+1,+0.44,4,698,653,1.1,1.6,+95,+74,-10,+159,1
2020/05/14,224.5,233,222,222,-4,-1.77,4.87,"1,559","1,392",1.1,3.6,-6,+118,+29,+141,0.9
2020/05/15,228,232,219,232,+10,+4.5,5.86,"1,810","1,597",1.1,4.1,+124,+47,+85,+256,1.3
2020/05/18,235,238,223,223,-9,-3.88,6.47,"1,838","1,665",1.1,4.2,-79,+94,-70,-55,1
2020/05/19,227.5,238,227,232,+9,+4.04,4.93,"2,390","1,885",1.3,5.6,+47,+493,+64,+604,1.2
2020/05/20,240,252,237,246,+14,+6.03,6.47,"4,722","4,031",1.2,11.5,-20,+118,+92,+190,1.2
2020/05/21,246,267.5,245.5,264,+18,+7.32,8.94,"4,688","3,899",1.2,12.1,+12,+361,+41,+414,1.2
2020/05/22,255,263,242,247,-17,-6.44,7.95,"3,359","2,957",1.1,8.5,-95,+63,+28,-4,0.8
2020/05/25,252,255.5,238,242,-5,-2.02,7.09,"2,295","2,068",1.1,5.6,-49,-269,-43,-361,0.6
2020/05/26,241,252,238.5,238.5,-3.5,-1.45,5.58,"2,008","1,690",1.2,4.9,-50,+240,-34,+156,0.5
2020/05/27,244,249,239,239.5,+1,+0.42,4.19,"1,660","1,440",1.2,4,-36,-157,-1,-194,0.4
2020/05/28,241.5,243,230,230.5,-9,-3.76,5.43,"1,181","1,117",1.1,2.8,+54,+12,-8,+58,0.7
2020/05/29,233.5,242,231.5,242,+11.5,+4.99,4.56,901,820,1.1,2.1,+43,+38,+20,+101,0.8
2020/06/01,243,246,240.5,240.5,-1.5,-0.62,2.27,"1,157","1,031",1.1,2.8,-101,-235,-14,-350,0.5
2020/06/02,241,243,234.5,237,-3.5,-1.46,3.53,763,669,1.1,1.8,-37,-50,-3,-90,0.4
2020/06/03,239,244.5,238,244.5,+7.5,+3.16,2.74,896,757,1.2,2.2,+38,-130,-12,-104,0.5
2020/06/04,246.5,247,243.5,244,-0.5,-0.2,1.43,995,851,1.2,2.4,-12,-127,-26,-165,0.4
2020/06/05,245.5,261.5,244,252,+8,+3.28,7.17,"3,663","2,987",1.2,9.3,+201,+429,+57,+687,1.2
2020/06/08,263,276,254.5,258,+6,+2.38,8.53,"5,164","4,350",1.2,13.7,-66,+181,+1,+116,1
2020/06/09,262,266.5,248,252,-6,-2.33,7.17,"1,693","1,512",1.1,4.3,-27,-213,-26,-266,0.8
2020/06/10,252,258.5,247,249,-3,-1.19,4.56,"1,158","1,059",1.1,2.9,-8,-174,-5,-187,0.8
2020/06/11,250,253.5,240,245.5,-3.5,-1.41,5.42,960,838,1.1,2.4,-2,-56,-26,-84,0.8
2020/06/12,235.5,243.5,235.5,241,-4.5,-1.83,3.26,"1,029",924,1.1,2.5,-1,-71,0,-72,0.8
2020/06/15,242.5,243,224,225.5,-15.5,-6.43,7.88,"1,514","1,337",1.1,3.5,+137,-225,-14,-102,1.3
2020/06/16,231,239,231,239,+13.5,+5.99,3.55,"1,220","1,088",1.1,2.9,+90,+63,-9,+144,1.7
2020/06/17,241,242,235,237.5,-1.5,-0.63,2.93,691,603,1.1,1.6,-141,-10,-26,-177,1.2
2020/06/18,237,239.5,229,235,-2.5,-1.05,4.42,"1,054",938,1.1,2.5,+90,-178,+10,-78,1.5
2020/06/19,236.5,245,236.5,245,+10,+4.26,3.62,"1,147","1,028",1.1,2.8,+280,-51,+23,+252,2.5
2020/06/22,247,263.5,247,254,+9,+3.67,6.73,"3,696","3,108",1.2,9.4,+65,+68,+77,+210,2.7
2020/06/23,258,279,255,279,+25,+9.84,9.45,"6,629","5,293",1.3,17.8,+574,+337,+14,+925,4.8
2020/06/24,288,306.5,288,304,+25,+8.96,6.63,"7,351","4,849",1.5,22.2,+325,+444,-123,+646,6.1
2020/06/29,302,308.5,285.5,289,-15,-4.93,7.57,"4,783","4,196",1.1,14.2,-604,+112,+39,-453,3.9
2020/06/30,297,317.5,293.5,317.5,+28.5,+9.86,8.3,"6,084","5,042",1.2,18.6,+46,+528,+137,+711,3.8
2020/07/01,325,349,325,349,+31.5,+9.92,7.56,"6,092","5,150",1.2,20.7,+261,+305,-81,+485,4.8
2020/07/02,359.5,376.5,353.5,356,+7,+2.01,6.59,"7,219","6,378",1.1,26.3,+36,-79,+75,+32,5
2020/07/03,356,356,339,349.5,-6.5,-1.83,4.78,"1,949","1,622",1.2,6.8,-60,-251,-117,-428,4.7
2020/07/06,345.5,354,340.5,347.5,-2,-0.57,3.86,"1,302","1,147",1.1,4.5,-64,-131,+23,-172,4.5
2020/07/07,348,348.5,320,327,-20.5,-5.9,8.2,"1,431","1,254",1.1,4.7,+139,-124,+7,+22,5
2020/07/08,327,359.5,325,359.5,+32.5,+9.94,10.6,"1,647","1,430",1.2,5.7,+325,0,+34,+359,6
2020/07/09,367.5,375.5,353,361,+1.5,+0.42,6.26,"1,521","1,381",1.1,5.6,-6,0,0,-6,6
2020/07/10,362,362,330,342.5,-18.5,-5.12,8.86,855,749,1.1,2.9,+43,-10,-16,+17,6.1
2020/07/13,348.5,348.5,334,344.5,+2,+0.58,4.23,554,491,1.1,1.9,-72,-39,-62,-173,5.8
2020/07/14,340,346,333,337.5,-7,-2.03,3.77,539,480,1.1,1.8,-53,-38,+2,-89,5.5
2020/07/15,348,357,339,340.5,+3,+0.89,5.33,"1,060",905,1.2,3.7,-66,0,-1,-67,5.2
2020/07/16,347,357,342,357,+16.5,+4.85,4.41,"1,264","1,133",1.1,4.4,+125,0,+17,+142,5.6
2020/07/17,356,360,340,340.5,-16.5,-4.62,5.6,"2,254","2,124",1.1,7.9,-200,+290,-18,+72,4.9
2020/07/20,344.5,353,335.5,348,+7.5,+2.2,5.14,"1,285","1,142",1.1,4.4,-94,+59,+28,-7,4.8
2020/07/21,353,382.5,353,382.5,+34.5,+9.91,8.48,"3,834","3,032",1.3,14.3,+117,+75,+45,+237,5.2
2020/07/22,386.5,415,366.5,373,-9.5,-2.48,12.7,"6,473","5,896",1.1,25.7,+389,+475,-22,+842,6.6
2020/07/23,380.5,391.5,375,382,+9,+2.41,4.42,"3,883","3,640",1.1,14.9,-625,+110,+41,-474,4.4
2020/07/24,380,394,370,374.5,-7.5,-1.96,6.28,"3,765","3,558",1.1,14.4,-194,+313,+6,+125,3.8
2020/07/27,385,391,365,367,-7.5,-2,6.94,"2,620","2,402",1.1,9.8,-117,-80,-16,-213,3.4
2020/07/28,374.5,378,331,334.5,-32.5,-8.86,12.8,"3,142","2,926",1.1,10.9,+137,-110,-47,-20,3.8
2020/07/29,332.5,348.5,326,337,+2.5,+0.75,6.73,"1,706","1,602",1.1,5.7,-17,-53,+2,-68,3.8
2020/07/30,341,345,334,341,+4,+1.19,3.26,"1,026",949,1.1,3.5,+134,-60,-27,+47,4.2
2020/07/31,337,353,335,347,+6,+1.76,5.28,870,802,1.1,3,+68,-1,+28,+95,4.3
2020/08/03,351.5,354.5,340.5,340.5,-6.5,-1.87,4.03,868,833,1,3,-92,-15,-63,-170,4
2020/08/04,342.5,346.5,333.5,346,+5.5,+1.62,3.82,990,939,1.1,3.4,+48,-122,+2,-72,4.4
2020/08/05,347.5,362.5,347.5,354.5,+8.5,+2.46,4.34,"1,595","1,533",1,5.7,-58,-1,+42,-17,4.1
2020/08/06,355,362,346,348,-6.5,-1.83,4.51,"1,127","1,034",1.1,4,-77,0,-25,-102,3.7
2020/08/07,345.5,350.5,330,334.5,-13.5,-3.88,5.89,"1,576","1,447",1.1,5.3,-152,-224,-14,-390,3.1
2020/08/10,333.5,334,306.5,319.5,-15,-4.48,8.22,"2,028","1,815",1.1,6.5,+319,-528,+4,-205,4.3
2020/08/11,317,319.5,303.5,305,-14.5,-4.54,5.01,"1,614","1,499",1.1,5,+89,-478,-3,-392,4.7
2020/08/12,308,314.5,302.5,308.5,+3.5,+1.15,3.93,"1,330","1,237",1.1,4.1,-43,-11,+15,-39,4.3
2020/08/13,312,313.5,298.5,298.5,-10,-3.24,4.86,"1,294","1,224",1.1,3.9,-98,-123,-3,-224,3.9
2020/08/14,296.5,305,289,304.5,+6,+2.01,5.36,"1,245","1,138",1.1,3.7,+225,-50,+34,+209,4.7
2020/08/17,306,306,299,300,-4.5,-1.48,2.3,552,529,1,1.7,-160,+10,-15,-165,4.3
2020/08/18,299,299,276,279,-21,-7,7.67,"2,011","1,859",1.1,5.7,+110,-54,-17,+39,4.6
2020/08/19,280,287.5,271.5,278,-1,-0.36,5.73,"1,123","1,044",1.1,3.1,+100,-140,-31,-71,5
2020/08/20,278,281,250.5,251,-27,-9.71,11,"1,416","1,214",1.2,3.7,+154,-108,-114,-68,5.6
2020/08/21,258,276,257,276,+25,+9.96,7.57,"1,169",984,1.2,3.1,+55,-46,+72,+81,5.7
2020/08/24,288.5,294.5,280,287,+11,+3.99,5.25,"1,704","1,499",1.1,4.9,-375,-9,-14,-398,4.3
2020/08/25,285.5,290,273,274,-9,-3.18,6.01,"1,421","1,300",1.1,4,-159,-330,-24,-513,3.7
2020/08/26,272,285,268,278,+4,+1.46,6.2,901,825,1.1,2.5,+81,-73,+7,+15,4
2020/08/27,280.5,284,272.5,274,-4,-1.44,4.14,571,541,1.1,1.6,-75,0,-7,-82,3.8
2020/08/28,272,280,271.5,276,+2,+0.73,3.1,567,536,1.1,1.6,-89,0,+22,-67,3.5
2020/08/31,277,279,266,268,-8,-2.9,4.71,673,625,1.1,1.8,-70,-203,-17,-290,3.2
2020/09/01,270,271,258.5,267,-1,-0.37,4.66,840,804,1,2.2,+207,-300,-5,-98,3.8
2020/09/02,271,281,270.5,275,+8,+3,3.93,"1,064",980,1.1,2.9,-24,+10,+20,+6,3.8
2020/09/03,277.5,280,270.5,270.5,-4.5,-1.64,3.45,739,654,1.1,2,-61,-15,+8,-68,3.7
2020/09/04,262,270.5,260,268,-2.5,-0.92,3.88,684,581,1.2,1.8,+50,-57,-14,-21,3.8
2020/09/07,276,278.5,259,259.5,-8.5,-3.17,7.28,"1,227","1,111",1.1,3.3,-209,-122,-69,-400,3.1
2020/09/08,264,271,259.5,265,+5.5,+2.12,4.43,"1,118",987,1.1,3,+181,-318,+19,-118
2020/09/09,261,263.5,252,261,-4,-1.51,4.34,658,637,1,1.7,-4,-80,-28,-112,3.8
2020/09/10,265.5,269,262.5,262.5,+1.5,+0.57,2.49,786,728,1.1,2.1,-13,0,+31,+18,3.7
2020/09/11,262.5,270,258,270,+7.5,+2.86,4.57,870,828,1.1,2.3,+115,+3,-17,+101,4.1
2020/09/14,274.5,297,271.5,297,+27,+10,9.44,"2,479","1,908",1.3,7.1,-187,+1,+35,-151,3.4
2020/09/15,301.5,305,289.5,291,-6,-2.02,5.22,"3,581","2,906",1.2,10.6,-214,+81,-15,-148,2.8
2020/09/16,293.5,310,293.5,295.5,+4.5,+1.55,5.67,"2,996","2,726",1.1,9,-144,+1,+23,-120,2.5
2020/09/17,298,304,294,295,-0.5,-0.17,3.38,"1,223","1,140",1.1,3.6,-16,0,-15,-31,2.5
2020/09/18,297,300,293,293,-2,-0.68,2.37,767,683,1.1,2.3,+19,0,-12,+7,2.6
2020/09/21,294,300,289,290.5,-2.5,-0.85,3.75,805,779,1,2.4,-10,+3,+4,-3,2.6
2020/09/22,290.5,290.5,281,283,-7.5,-2.58,3.27,544,515,1.1,1.5,+60,+2,-12,+50,2.9
2020/09/23,287,290,283,283.5,+0.5,+0.18,2.47,520,492,1.1,1.5,-69,0,-2,-71,2.7
2020/09/24,278,280,269.5,269.5,-14,-4.94,3.7,988,915,1.1,2.7,-218,-34,-11,-263,1.9
2020/09/25,274,274.5,255,258,-11.5,-4.27,7.24,798,745,1.1,2.1,+38,-1,-19,+18,2
2020/09/28,261,265.5,259,264,+6,+2.33,2.52,396,366,1.1,1,+27,0,-6,+21,2.1
2020/09/29,266.5,271,262.5,262.5,-1.5,-0.57,3.22,412,387,1.1,1.1,-69,+2,+1,-66,1.9
2020/09/30,265.5,266,259,264.5,+2,+0.76,2.67,251,236,1.1,0.66,+58,0,-8,+50,2.1
2020/10/05,264.5,274.5,263.5,272,+7.5,+2.84,4.16,557,488,1.1,1.5,+17,-28,+12,+1,2.2
2020/10/06,279.5,286,277,280,+8,+2.94,3.31,"1,375","1,259",1.1,3.9,-53,+106,+50,+103,2
2020/10/07,283.5,286,280,280.5,+0.5,+0.18,2.14,910,836,1.1,2.6,-62,+92,-24,+6,1.8
2020/10/08,284.5,288,281.5,282,+1.5,+0.53,2.32,803,726,1.1,2.3,-25,+4,+4,-17,1.6
2020/10/12,286,286,274.5,275.5,-6.5,-2.3,4.08,593,520,1.1,1.7,-6,0,-1,-7,1.7
2020/10/13,277,279,272,278,+2.5,+0.91,2.54,431,388,1.1,1.2,+77,+59,-8,+128,2
2020/10/14,279,289,279,283,+5,+1.8,3.6,"1,166","1,074",1.1,3.3,+14,+166,+9,+189,2
2020/10/15,285,288.5,279.5,280,-3,-1.06,3.18,584,533,1.1,1.7,-48,0,+4,-44,1.8
2020/10/16,280.5,281,272.5,273,-7,-2.5,3.04,408,384,1.1,1.1,-23,+50,-16,+11
2020/10/19,273.5,276,271.5,273.5,+0.5,+0.18,1.65,220,207,1.1,0.6,+5,0,-1,+4,1.8
2020/10/20,271.5,274.5,271,274,+0.5,+0.18,1.28,149,145,1,0.41,+24,0,0,+24,1.9
2020/10/21,279,292.5,276,283,+9,+3.28,6.02,"2,252","1,960",1.1,6.5,+167,+110,+50,+327,2.5
2020/10/22,285.5,308.5,285.5,304,+21,+7.42,8.13,"6,482","5,215",1.2,19.5,+111,+259,+40,+410,2.9
2020/10/23,305,314.5,305,310,+6,+1.97,3.12,"4,657","4,056",1.1,14.5,-115,+707,+42,+634,2.5
2020/10/26,317,325,310,311,+1,+0.32,4.84,"3,458","3,155",1.1,11,-164,+309,-36,+109,1.9
2020/10/27,311,324,306.5,322,+11,+3.54,5.63,"2,150","1,967",1.1,6.8,+101,+84,+129,+314,2.3
2020/10/28,325.5,332,312,315.5,-6.5,-2.02,6.21,"2,812","2,539",1.1,9.1,-133,+349,-116,+100,1.8
2020/10/29,314,318,308,315.5,0,0,3.17,"1,278","1,156",1.1,4,+21,-13,-7,+1,1.9
2020/10/30,318,326.5,310.5,310.5,-5,-1.58,5.07,"2,449","2,250",1.1,7.9,-30,+189,+5,+164,1.8
2020/11/02,313,319.5,308.5,311.5,+1,+0.32,3.54,"1,227","1,135",1.1,3.8,+4,+83,-5,+82,1.8
2020/11/03,316,318,314,314.5,+3,+0.96,1.28,744,674,1.1,2.3,-12,+13,+16,+17,1.8
2020/11/04,317.5,327,317,325,+10.5,+3.34,3.18,"1,979","1,735",1.1,6.4,+38,+87,+44,+169,1.9
2020/11/05,326.5,332,319.5,321,-4,-1.23,3.85,"1,344","1,144",1.2,4.4,-1,+1,-44,-44
2020/11/06,330,350.5,328,334.5,+13.5,+4.21,7.01,"4,032","3,482",1.2,13.8,+95,+641,+32,+768,2.2
2020/11/09,342,347,335.5,343.5,+9,+2.69,3.44,"1,771","1,584",1.1,6,-68,+147,-12,+67,2
2020/11/10,342,342.5,323,326,-17.5,-5.09,5.68,"1,545","1,450",1.1,5.1,+18,+2,-39,-19,2
2020/11/11,327.5,334.5,327,334.5,+8.5,+2.61,2.3,827,793,1,2.7,+117,+5,+2,+124,2.3
2020/11/12,341,352,330,330,-4.5,-1.35,6.58,"2,894","2,647",1.1,9.9,-112,-224,+33,-303,1.9
2020/11/13,328.5,334.5,319,321,-9,-2.73,4.7,"1,173","1,109",1.1,3.8,+20,-224,-16,-220,2
2020/11/16,322.5,327,312.5,327,+6,+1.87,4.52,"1,935","1,697",1.1,6.2,+5,-626,+24,-597,2
2020/11/17,326.5,328.5,317,317.5,-9.5,-2.91,3.52,"1,200","1,133",1.1,3.9,-79,-67,-35,-181,1.7
2020/11/18,315.5,321,312.5,314,-3.5,-1.1,2.68,997,963,1,3.1,+35,-206,-51,-222,1.8
2020/11/19,314,323,312.5,321.5,+7.5,+2.39,3.34,792,773,1,2.5,+68,0,+13,+81,2.1
2020/11/20,324.5,339,321,334,+12.5,+3.89,5.6,"2,519","2,351",1.1,8.4,-14,+36,+75,+97,2
2020/11/23,341,349.5,336,336.5,+2.5,+0.75,4.04,"2,277","2,067",1.1,7.8,-49,0,-73,-122,1.8
2020/11/24,342.5,347,336.5,342.5,+6,+1.78,3.12,"1,371","1,287",1.1,4.7,+71,+23,+15,+109,2.1
2020/11/25,346,349,331,331,-11.5,-3.36,5.26,"1,231","1,214",1,4.2,-124,-100,-42,-266,1.7
2020/11/26,334,334,327.5,331,0,0,1.96,422,419,1,1.4,-6,-34,-7,-47,1.7
2020/11/27,330.5,330.5,319.5,321.5,-9.5,-2.87,3.32,"1,472","1,334",1.1,4.7,-30,-761,+7,-784,1.6
2020/11/30,322,324,315,317,-4.5,-1.4,2.8,966,940,1,3.1,+28,-236,-1,-209,1.6
2020/12/01,319,330.5,316,326,+9,+2.84,4.57,"1,145","1,089",1.1,3.7,-29,-81,+81,-29,1.5
2020/12/02,335,342.5,329,329,+3,+0.92,4.14,"2,481","2,285",1.1,8.3,-59,-17,-15,-91,1.2
2020/12/03,328,332,322,324,-5,-1.52,3.04,610,620,0.98,2,+17,-64,-38,-85,1.4
2020/12/04,326,326.5,320.5,321,-3,-0.93,1.85,441,454,0.97,1.4,-20,-34,-13,-67,1.3
2020/12/07,315.5,318,312.5,313,-8,-2.49,1.71,965,969,1,3,-12,-133,-15,-160,1.3
2020/12/08,312,320.5,308.5,319.5,+6.5,+2.08,3.83,764,715,1.1,2.4,+45,-119,+21,-53,1.5
2020/12/09,319,323.5,317,319.5,0,0,2.03,604,544,1.1,1.9,-41,-5,-16,-62,1.4
2020/12/10,319.5,319.5,312,314.5,-5,-1.56,2.35,384,399,0.96,1.2,+11,-53,-4,-46,1.4
2020/12/11,316,317.5,303,304.5,-10,-3.18,4.61,810,841,0.96,2.5,+10,-189,-57,-236,1.4
2020/12/14,306,312,305,308.5,+4,+1.31,2.3,355,325,1.1,1.1,+37,0,+1,+38,1.6
2020/12/15,311,311.5,300.5,302,-6.5,-2.11,3.57,345,374,0.92,1,+35,0,-7,+28,1.7
2020/12/16,305.5,311.5,305.5,309,+7,+2.32,1.99,380,356,1.1,1.2,+113,+16,+4,+133,2.1
2020/12/17,313.5,314,308.5,311,+2,+0.65,1.78,420,407,1,1.3,+7,0,-4,+3,2.2
2020/12/18,313.5,314,306,306,-5,-1.61,2.57,264,266,0.99,0.82,+32,-3,-8,+21,2.3
2020/12/21,308.5,308.5,301,303,-3,-0.98,2.45,197,232,0.85,0.6,+58,-38,-5,+15,2.5
2020/12/22,303.5,308,301,301,-2,-0.66,2.31,220,230,0.96,0.67,+21,0,-1,+20,2.6
2020/12/23,303,307,302,304.5,+3.5,+1.16,1.66,136,142,0.96,0.41,+48,0,-5,+43,2.7
2020/12/24,309,313,307,307,+2.5,+0.82,1.97,244,239,1,0.76,+28,0,+6,+34,2.8
2020/12/25,311.5,313.5,309.5,312.5,+5.5,+1.79,1.3,398,410,0.97,1.2,+32,-33,0,-1,2.9
2020/12/28,311,313,307.5,311,-1.5,-0.48,1.76,324,327,0.99,1,+25,-92,+3,-64,3
2020/12/29,311.5,312.5,305,306,-5,-1.61,2.41,291,314,0.93,0.89,+49,-50,-2,-3,3.2
2020/12/30,304.5,312,304.5,309.5,+3.5,+1.14,2.45,278,281,0.99,0.86,+71,0,+21,+92,3.5
2020/12/31,314,322.5,310.5,312,+2.5,+0.81,3.88,930,869,1.1,3,-16,-30,+3,-43,3.4
2021/01/04,313.5,318,312.5,317.5,+5.5,+1.76,1.76,360,385,0.94,1.1,+71,+14,0,+85,3.7
2021/01/05,317.5,321,315.5,316.5,-1,-0.31,1.73,452,425,1.1,1.4,+100,-45,+2,+57,4
2021/01/06,321,326,315,319,+2.5,+0.79,3.48,"1,036",999,1,3.3,+181,+4,+8,+193,4.6
2021/01/07,325,332,323,330,+11,+3.45,2.82,"1,696","1,604",1.1,5.6,+144,+238,+79,+461,5.1
2021/01/08,347,363,340.5,363,+33,+10,6.82,"5,381","4,428",1.2,19.1,+119,+315,+92,+526,5.6
2021/01/11,368.5,373.5,360.5,365,+2,+0.55,3.58,"3,669","3,203",1.1,13.5,+233,+92,-19,+306,6.4
2021/01/12,366.5,369.5,348,352.5,-12.5,-3.42,5.89,"1,782","1,795",0.99,6.3,+215,-10,-52,+153,7.2
2021/01/13,360,372.5,355,355,+2.5,+0.71,4.96,"2,052","1,900",1.1,7.4,-169,0,-7,-176,6.6
2021/01/14,359.5,359.5,340,343.5,-11.5,-3.24,5.49,"1,220","1,248",0.98,4.2,+181,0,-13,+168,7.3
2021/01/15,349,352,333.5,340,-3.5,-1.02,5.39,851,903,0.94,2.9,+150,+35,-50,+135,7.8
2021/01/18,337,347.5,326,347.5,+7.5,+2.21,6.32,602,625,0.96,2,+28,0,+48,+76,7.8
2021/01/19,350,364,347,353.5,+6,+1.73,4.89,"1,749","1,715",1,6.2,-31,+60,+124,+153,7.7
2021/01/20,353.5,358.5,342,349,-4.5,-1.27,4.67,"1,088","1,108",0.98,3.8,+59,+30,-71,+18,8
2021/01/21,355,369.5,350,367,+18,+5.16,5.59,"2,154","2,095",1,7.8,+245,0,+97,+342,8.9
2021/01/22,369,403.5,368,403.5,+36.5,+9.95,9.67,"3,830","3,243",1.2,15,+52,+93,-73,+72,9
2021/01/25,405,406.5,363.5,363.5,-40,-9.91,10.7,"4,151","3,778",1.1,15.8,-183,-237,-36,-456,8.4
2021/01/26,363,369,339,344,-19.5,-5.36,8.25,"2,406","2,301",1,8.4,+136,-270,-46,-180,8.9
2021/01/27,350,354,339.5,342,-2,-0.58,4.22,"1,147","1,170",0.98,3.9,+28,-260,-12,-244,9
2021/01/28,335,340,331.5,334,-8,-2.34,2.49,500,557,0.9,1.7,+7,-25,+4,-14,9
2021/01/29,339,340.5,323,325.5,-8.5,-2.54,5.24,648,711,0.91,2.1,+31,-57,-17,-43,9.1
2021/02/01,325.5,328,311.5,313,-12.5,-3.84,5.07,934,911,1,2.9,+78,-193,+2,-113,9.4
2021/02/02,317.5,338,317.5,337.5,+24.5,+7.83,6.55,"1,045","1,078",0.97,3.4,+219,0,-9,+210,10.2
2021/02/03,338,342,323,328,-9.5,-2.81,5.63,699,800,0.87,2.3,-15,-120,+5,-130,10.1
2021/02/04,320.5,330.5,318,321,-7,-2.13,3.81,397,442,0.9,1.3,-14,-83,+9,-88,10.1
2021/02/05,324,327,317,322,+1,+0.31,3.12,402,446,0.9,1.3,-2,-55,-51,-108,10.1
2021/02/17,327.5,337,323.5,326.5,+4.5,+1.4,4.19,589,642,0.92,1.9,+47,-126,+11,-68,10.3
2021/02/18,328.5,330,317.5,326.5,0,0,3.83,769,778,0.99,2.5,-50,-287,+7,-330,10.1
2021/02/19,327.5,340,327.5,331.5,+5,+1.53,3.83,"1,123","1,122",1,3.7,-8,-83,+33,-58,10
2021/02/22,335,336.5,327.5,329.5,-2,-0.6,2.71,576,586,0.98,1.9,+4,-150,-12,-158,10.1
2021/02/23,330.5,330.5,322.5,324,-5.5,-1.67,2.43,481,517,0.93,1.6,+7,-71,-7,-71,10.2
2021/02/24,324,329,317,317,-7,-2.16,3.7,690,774,0.89,2.2,+32,-178,-23,-169,10.4
2021/02/25,323,323,318,318,+1,+0.32,1.58,278,303,0.92,0.89,+2,0,-3,-1,10.3
2021/02/26,313.5,316.5,311,315,-3,-0.94,1.73,315,323,0.98,0.99,+24,-6,-6,+12,10.4
2021/03/02,322.5,324.5,316.5,319,+4,+1.27,2.54,355,380,0.93,1.1,-3,0,-3,-6,10.4
2021/03/03,319,322.5,315,322,+3,+0.94,2.35,197,196,1,0.63,-10,0,+9,-1,10.3
2021/03/04,319,319,308,309.5,-12.5,-3.88,3.42,528,577,0.92,1.6,-207,0,-16,-223,9.6
2021/03/05,311,322,311,318,+8.5,+2.75,3.55,626,648,0.97,2,-51,+4,+65,+18,9.4
2021/03/08,324,328,318,318,0,0,3.14,509,557,0.91,1.6,-17,0,-24,-41,9.4
2021/03/09,316,320,313.5,318,0,0,2.04,206,227,0.91,0.65,+25,-10,-1,+14,9.4
2021/03/10,322.5,323.5,313,314.5,-3.5,-1.1,3.3,245,269,0.91,0.78,-48,-1,-18,-67,9.3
2021/03/11,316,324.5,316,321,+6.5,+2.07,2.7,317,331,0.96,1,+38,0,+21,+59,9.4
2021/03/12,324,324,315.5,316,-5,-1.56,2.65,273,319,0.86,0.87,-20,-8,-19,-47,9.4
2021/03/15,315.5,321.5,315.5,318,+2,+0.63,1.9,107,138,0.78,0.34,+3,0,+1,+4,9.4
2021/03/16,319.5,320,317,318,0,0,0.94,113,142,0.8,0.36,+2,0,+1,+3,9.4
2021/03/17,321.5,336,318,331.5,+13.5,+4.25,5.66,"1,041","1,106",0.94,3.4,+48,0,+152,+200,9.6
2021/03/18,338.5,338.5,326.5,326.5,-5,-1.51,3.62,747,777,0.96,2.5,-19,0,-86,-105,9.6
2021/03/19,325,325,319,321,-5.5,-1.68,1.84,311,326,0.95,1,0,0,-14,-14,9.6
